"sepa_site","month_date","cycle_start_date","cycle_end_date","stocking_date","fallow_date","match_stocking","match_fallow"
"AAC3",2019-01-01,2019-01-01,2020-06-01,NA,NA,FALSE,FALSE
"AAC3",2020-07-01,2020-07-01,2022-06-01,NA,NA,FALSE,FALSE
"AAC3",2022-07-01,2022-07-01,2024-12-01,2022-07-12,NA,TRUE,FALSE
"ACAM1",2019-01-01,2019-01-01,2024-12-01,NA,NA,FALSE,FALSE
"ACAM2",2019-01-01,2019-01-01,2020-04-01,NA,NA,FALSE,FALSE
"ACAM2",2020-05-01,2020-05-01,2021-12-01,NA,NA,FALSE,FALSE
"ACAM2",2022-01-01,2022-01-01,2023-12-01,2022-01-07,NA,TRUE,FALSE
"ACAM2",2024-01-01,2024-01-01,2024-12-01,2024-01-29,NA,TRUE,FALSE
"ACHR1",2019-01-01,2019-01-01,2019-10-01,NA,NA,FALSE,FALSE
"ACHR1",2019-11-01,2019-11-01,2024-12-01,NA,NA,FALSE,FALSE
"AIR1",2019-01-01,2019-01-01,2019-11-01,NA,NA,FALSE,FALSE
"AIR1",2019-12-01,2019-12-01,2021-11-01,2019-12-13,NA,TRUE,FALSE
"AIR1",2021-12-01,2021-12-01,2024-01-01,2021-12-16,NA,TRUE,FALSE
"AIR1",2024-02-01,2024-02-01,2024-12-01,2024-02-03,NA,TRUE,FALSE
"AMM1",2019-01-01,2019-01-01,2020-06-01,NA,NA,FALSE,FALSE
"AMM1",2020-07-01,2020-07-01,2023-09-01,2020-07-07,NA,TRUE,FALSE
"AMM1",2023-10-01,2023-10-01,2024-08-01,2023-10-26,NA,TRUE,FALSE
"AMM1",2024-09-01,2024-09-01,2024-12-01,2024-09-19,NA,TRUE,FALSE
"APT1",2019-01-01,2019-01-01,2019-04-01,NA,NA,FALSE,FALSE
"APT1",2019-05-01,2019-05-01,2024-01-01,NA,NA,FALSE,FALSE
"APT1",2024-02-01,2024-02-01,2024-12-01,2024-02-19,NA,TRUE,FALSE
"ARDG1",2019-01-01,2019-01-01,2019-11-01,NA,NA,FALSE,FALSE
"ARDG1",2019-12-01,2019-12-01,2021-08-01,NA,NA,FALSE,FALSE
"ARDG1",2021-09-01,2021-09-01,2023-11-01,2021-09-26,NA,TRUE,FALSE
"ARDG1",2023-12-01,2023-12-01,2024-12-01,2023-12-06,NA,TRUE,FALSE
"ARDI1",2019-01-01,2019-01-01,2019-11-01,NA,NA,FALSE,FALSE
"ARDI1",2019-12-01,2019-12-01,2021-09-01,NA,NA,FALSE,FALSE
"ARDI1",2021-10-01,2021-10-01,2024-12-01,2021-10-07,NA,TRUE,FALSE
"ARDM1",2019-01-01,2019-01-01,2024-12-01,NA,NA,FALSE,FALSE
"ARDN1",2019-01-01,2019-01-01,2021-02-01,NA,NA,FALSE,FALSE
"ARDN1",2021-03-01,2021-03-01,2022-07-01,NA,NA,FALSE,FALSE
"ARDN1",2022-08-01,2022-08-01,2023-10-01,2022-08-14,NA,TRUE,FALSE
"ARDN1",2023-11-01,2023-11-01,2024-12-01,2023-11-16,NA,TRUE,FALSE
"ARDT1",2019-01-01,2019-01-01,2021-01-01,NA,NA,FALSE,FALSE
"ARDT1",2021-02-01,2021-02-01,2023-01-01,2021-02-17,NA,TRUE,FALSE
"ARDT1",2023-02-01,2023-02-01,2024-12-01,2023-02-20,NA,TRUE,FALSE
"ARDVO1",2019-01-01,2019-01-01,2024-12-01,NA,NA,FALSE,FALSE
"BAI1",2019-01-01,2019-01-01,2019-10-01,NA,NA,FALSE,FALSE
"BAI1",2019-11-01,2019-11-01,2024-12-01,NA,NA,FALSE,FALSE
"BALM1",2019-01-01,2019-01-01,2020-03-01,NA,NA,FALSE,FALSE
"BALM1",2020-04-01,2020-04-01,2024-12-01,NA,NA,FALSE,FALSE
"BALT1",2019-01-01,2019-01-01,2019-08-01,NA,NA,FALSE,FALSE
"BALT1",2019-09-01,2019-09-01,2020-09-01,NA,NA,FALSE,FALSE
"BALT1",2020-10-01,2020-10-01,2021-09-01,NA,NA,FALSE,FALSE
"BALT1",2021-10-01,2021-10-01,2024-12-01,NA,NA,FALSE,FALSE
"BAS1",2019-01-01,2019-01-01,2024-12-01,NA,NA,FALSE,FALSE
"BASS1",2019-01-01,2019-01-01,2023-04-01,NA,NA,FALSE,FALSE
"BASS1",2023-05-01,2023-05-01,2024-12-01,2023-05-09,2023-05-17,TRUE,FALSE
"BEL1",2019-01-01,2019-01-01,2020-05-01,NA,NA,FALSE,FALSE
"BEL1",2020-06-01,2020-06-01,2021-07-01,2020-06-08,NA,TRUE,FALSE
"BEL1",2021-08-01,2021-08-01,2023-10-01,2021-08-16,NA,TRUE,FALSE
"BEL1",2023-11-01,2023-11-01,2024-12-01,2023-11-11,NA,TRUE,FALSE
"BHOL1",2020-04-01,2020-04-01,2021-02-01,NA,NA,FALSE,FALSE
"BHOL1",2021-03-01,2021-03-01,2023-03-01,NA,NA,FALSE,FALSE
"BHOL1",2023-04-01,2023-04-01,2024-03-01,2023-04-22,NA,TRUE,FALSE
"BHOL1",2024-04-01,2024-04-01,2024-12-01,2024-04-22,NA,TRUE,FALSE
"BMS3",2019-01-01,2019-01-01,2024-12-01,NA,NA,FALSE,FALSE
"BMS5",2019-01-01,2019-01-01,2023-04-01,NA,NA,FALSE,FALSE
"BMS5",2023-05-01,2023-05-01,2024-12-01,2023-05-21,2023-05-23,TRUE,FALSE
"BNES1",2019-01-01,2019-01-01,2019-11-01,NA,NA,FALSE,FALSE
"BNES1",2019-12-01,2019-12-01,2020-11-01,2019-12-01,NA,TRUE,FALSE
"BNES1",2020-12-01,2020-12-01,2021-12-01,NA,NA,FALSE,FALSE
"BNES1",2022-01-01,2022-01-01,2022-12-01,NA,NA,FALSE,FALSE
"BNES1",2023-01-01,2023-01-01,2024-01-01,2023-01-16,NA,TRUE,FALSE
"BNES1",2024-02-01,2024-02-01,2024-12-01,2024-02-08,NA,TRUE,FALSE
"BOB1",2019-01-01,2019-01-01,2024-12-01,NA,NA,FALSE,FALSE
"BOB4",2019-01-01,2019-01-01,2024-12-01,NA,NA,FALSE,FALSE
"BOC1",2019-01-01,2019-01-01,2020-01-01,NA,NA,FALSE,FALSE
"BOC1",2020-02-01,2020-02-01,2024-12-01,2020-02-19,NA,TRUE,FALSE
"BOCN1",2019-01-01,2019-01-01,2019-03-01,NA,NA,FALSE,FALSE
"BOCN1",2019-04-01,2019-04-01,2021-03-01,2019-04-01,NA,TRUE,FALSE
"BOCN1",2021-04-01,2021-04-01,2022-03-01,2021-04-18,NA,TRUE,FALSE
"BOCN1",2022-04-01,2022-04-01,2024-05-01,NA,NA,FALSE,FALSE
"BOCN1",2024-06-01,2024-06-01,2024-12-01,2024-06-21,NA,TRUE,FALSE
"BOH1",2019-01-01,2019-01-01,2024-12-01,NA,NA,FALSE,FALSE
"BOH2",2019-01-01,2019-01-01,2019-03-01,NA,NA,FALSE,FALSE
"BOH2",2019-04-01,2019-04-01,2021-03-01,NA,NA,FALSE,FALSE
"BOH2",2021-04-01,2021-04-01,2022-09-01,2021-04-07,NA,TRUE,FALSE
"BOH2",2022-10-01,2022-10-01,2023-08-01,NA,NA,FALSE,FALSE
"BOH2",2023-09-01,2023-09-01,2024-12-01,2023-09-18,NA,TRUE,FALSE
"BOM1",2019-01-01,2019-01-01,2019-02-01,NA,NA,FALSE,FALSE
"BOM1",2019-03-01,2019-03-01,2020-03-01,NA,NA,FALSE,FALSE
"BOM1",2020-04-01,2020-04-01,2022-02-01,NA,NA,FALSE,FALSE
"BOM1",2022-03-01,2022-03-01,2023-08-01,2022-03-05,NA,TRUE,FALSE
"BOM1",2023-09-01,2023-09-01,2024-10-01,2023-09-10,NA,TRUE,FALSE
"BOM1",2024-11-01,2024-11-01,2024-12-01,2024-11-26,NA,TRUE,FALSE
"BOV1",2019-01-01,2019-01-01,2020-03-01,NA,NA,FALSE,FALSE
"BOV1",2020-04-01,2020-04-01,2021-01-01,NA,NA,FALSE,FALSE
"BOV1",2021-02-01,2021-02-01,2022-02-01,2021-02-09,NA,TRUE,FALSE
"BOV1",2022-03-01,2022-03-01,2023-03-01,2022-03-05,NA,TRUE,FALSE
"BOV1",2023-04-01,2023-04-01,2024-01-01,2023-04-09,NA,TRUE,FALSE
"BOV1",2024-02-01,2024-02-01,2024-12-01,2024-02-12,NA,TRUE,FALSE
"BRO1",2019-01-01,2019-01-01,2020-09-01,NA,NA,FALSE,FALSE
"BRO1",2020-10-01,2020-10-01,2021-09-01,NA,NA,FALSE,FALSE
"BRO1",2021-10-01,2021-10-01,2022-09-01,2021-10-06,NA,TRUE,FALSE
"BRO1",2022-10-01,2022-10-01,2023-09-01,2022-10-18,NA,TRUE,FALSE
"BRO1",2023-10-01,2023-10-01,2024-09-01,2023-10-04,NA,TRUE,FALSE
"BRO1",2024-10-01,2024-10-01,2024-12-01,2024-10-11,NA,TRUE,FALSE
"BRU1",2019-01-01,2019-01-01,2024-12-01,NA,NA,FALSE,FALSE
"BTW1",2019-01-01,2019-01-01,2024-12-01,NA,NA,FALSE,FALSE
"BUN1",2019-01-01,2019-01-01,2024-12-01,NA,NA,FALSE,FALSE
"BUNI1",2019-01-01,2019-01-01,2024-12-01,NA,NA,FALSE,FALSE
"BUNO1",2019-01-01,2019-01-01,2024-12-01,NA,NA,FALSE,FALSE
"BUR1",2019-01-01,2019-01-01,2019-12-01,NA,NA,FALSE,FALSE
"BUR1",2020-01-01,2020-01-01,2022-09-01,2020-01-27,NA,TRUE,FALSE
"BUR1",2022-10-01,2022-10-01,2024-07-01,2022-10-25,NA,TRUE,FALSE
"BUR1",2024-08-01,2024-08-01,2024-12-01,2024-08-03,NA,TRUE,FALSE
"BURA1",2019-01-01,2019-01-01,2021-07-01,NA,NA,FALSE,FALSE
"BURA1",2021-08-01,2021-08-01,2023-08-01,2021-08-29,NA,TRUE,FALSE
"BURA1",2023-09-01,2023-09-01,2024-12-01,2023-09-01,NA,TRUE,FALSE
"BURK1",2019-01-01,2019-01-01,2022-06-01,NA,NA,FALSE,FALSE
"BURK1",2022-07-01,2022-07-01,2023-07-01,2022-07-16,NA,TRUE,FALSE
"BURK1",2023-08-01,2023-08-01,2024-12-01,2023-08-10,NA,TRUE,FALSE
"BVN1",2019-01-01,2019-01-01,2024-12-01,NA,NA,FALSE,FALSE
"CAG1",2019-01-01,2019-01-01,2021-01-01,NA,NA,FALSE,FALSE
"CAG1",2021-02-01,2021-02-01,2022-09-01,2021-02-10,NA,TRUE,FALSE
"CAG1",2022-10-01,2022-10-01,2024-10-01,2022-10-06,NA,TRUE,FALSE
"CAG1",2024-11-01,2024-11-01,2024-12-01,2024-11-22,NA,TRUE,FALSE
"CAIR1",2019-01-01,2019-01-01,2020-06-01,NA,NA,FALSE,FALSE
"CAIR1",2020-07-01,2020-07-01,2022-09-01,NA,NA,FALSE,FALSE
"CAIR1",2022-10-01,2022-10-01,2024-05-01,2022-10-24,NA,TRUE,FALSE
"CAIR1",2024-06-01,2024-06-01,2024-12-01,2024-06-08,NA,TRUE,FALSE
"CAL1",2019-01-01,2019-01-01,2019-10-01,NA,NA,FALSE,FALSE
"CAL1",2019-11-01,2019-11-01,2021-10-01,NA,NA,FALSE,FALSE
"CAL1",2021-11-01,2021-11-01,2024-12-01,2021-11-10,NA,TRUE,FALSE
"CALL1",2019-01-01,2019-01-01,2019-11-01,NA,NA,FALSE,FALSE
"CALL1",2019-12-01,2019-12-01,2021-09-01,NA,NA,FALSE,FALSE
"CALL1",2021-10-01,2021-10-01,2023-10-01,2021-10-14,NA,TRUE,FALSE
"CALL1",2023-11-01,2023-11-01,2024-12-01,2023-11-13,NA,TRUE,FALSE
"CAR1",2019-01-01,2019-01-01,2019-01-01,NA,NA,FALSE,FALSE
"CAR1",2019-02-01,2019-02-01,2019-12-01,NA,NA,FALSE,FALSE
"CAR1",2020-01-01,2020-01-01,2021-03-01,2020-01-21,NA,TRUE,FALSE
"CAR1",2021-04-01,2021-04-01,2023-01-01,2021-04-07,NA,TRUE,FALSE
"CAR1",2023-02-01,2023-02-01,2024-12-01,2023-02-27,NA,TRUE,FALSE
"CAT1",2019-01-01,2019-01-01,2024-12-01,NA,NA,FALSE,FALSE
"CAV1",2019-01-01,2019-01-01,2019-09-01,NA,NA,FALSE,FALSE
"CAV1",2019-10-01,2019-10-01,2021-07-01,2019-10-03,NA,TRUE,FALSE
"CAV1",2021-08-01,2021-08-01,2022-07-01,2021-08-13,NA,TRUE,FALSE
"CAV1",2022-08-01,2022-08-01,2024-07-01,2022-08-18,NA,TRUE,FALSE
"CAV1",2024-08-01,2024-08-01,2024-12-01,2024-08-08,NA,TRUE,FALSE
"CED2",2019-01-01,2019-01-01,2024-12-01,NA,NA,FALSE,FALSE
"CHA1",2019-01-01,2019-01-01,2019-03-01,NA,NA,FALSE,FALSE
"CHA1",2019-04-01,2019-04-01,2020-07-01,2019-04-27,NA,TRUE,FALSE
"CHA1",2020-08-01,2020-08-01,2021-08-01,NA,NA,FALSE,FALSE
"CHA1",2021-09-01,2021-09-01,2022-09-01,2021-09-10,NA,TRUE,FALSE
"CHA1",2022-10-01,2022-10-01,2024-08-01,2022-10-13,NA,TRUE,FALSE
"CHA1",2024-09-01,2024-09-01,2024-12-01,2024-09-02,NA,TRUE,FALSE
"CLI3",2019-01-01,2019-01-01,2024-12-01,NA,NA,FALSE,FALSE
"CLI4",2019-01-01,2019-01-01,2020-01-01,NA,NA,FALSE,FALSE
"CLI4",2020-02-01,2020-02-01,2022-02-01,NA,NA,FALSE,FALSE
"CLI4",2022-03-01,2022-03-01,2024-12-01,2022-03-04,NA,TRUE,FALSE
"CLO1",2019-01-01,2019-01-01,2019-08-01,NA,NA,FALSE,FALSE
"CLO1",2019-09-01,2019-09-01,2021-08-01,2019-09-11,NA,TRUE,FALSE
"CLO1",2021-09-01,2021-09-01,2023-08-01,NA,NA,FALSE,FALSE
"CLO1",2023-09-01,2023-09-01,2024-12-01,NA,NA,FALSE,FALSE
"CLP1",2019-01-01,2019-01-01,2019-03-01,NA,NA,FALSE,FALSE
"CLP1",2019-04-01,2019-04-01,2021-02-01,NA,NA,FALSE,FALSE
"CLP1",2021-03-01,2021-03-01,2024-12-01,NA,NA,FALSE,FALSE
"CNC1",2020-01-01,2020-01-01,2020-08-01,NA,NA,FALSE,FALSE
"CNC1",2020-09-01,2020-09-01,2024-08-01,NA,NA,FALSE,FALSE
"CNC1",2024-09-01,2024-09-01,2024-12-01,2024-09-10,NA,TRUE,FALSE
"COL3",2019-01-01,2019-01-01,2021-02-01,NA,NA,FALSE,FALSE
"COL3",2021-03-01,2021-03-01,2023-03-01,2021-03-15,NA,TRUE,FALSE
"COL3",2023-04-01,2023-04-01,2024-12-01,2023-04-05,NA,TRUE,FALSE
"COLED1",2019-01-01,2019-01-01,2020-08-01,NA,NA,FALSE,FALSE
"COLED1",2020-09-01,2020-09-01,2022-08-01,NA,NA,FALSE,FALSE
"COLED1",2022-09-01,2022-09-01,2024-08-01,2022-09-20,NA,TRUE,FALSE
"COLED1",2024-09-01,2024-09-01,2024-12-01,2024-09-15,NA,TRUE,FALSE
"COLEN1",2019-01-01,2019-01-01,2024-12-01,NA,NA,FALSE,FALSE
"COLL3",2019-01-01,2019-01-01,2021-08-01,NA,NA,FALSE,FALSE
"COLL3",2021-09-01,2021-09-01,2024-12-01,2021-09-27,NA,TRUE,FALSE
"COLS1",2019-01-01,2019-01-01,2019-03-01,NA,NA,FALSE,FALSE
"COLS1",2019-04-01,2019-04-01,2023-02-01,2019-04-23,NA,TRUE,FALSE
"COLS1",2023-03-01,2023-03-01,2024-12-01,2023-03-30,NA,TRUE,FALSE
"CORL1",2019-01-01,2019-01-01,2020-05-01,NA,NA,FALSE,FALSE
"CORL1",2020-06-01,2020-06-01,2024-12-01,NA,NA,FALSE,FALSE
"CROO1",2019-01-01,2019-01-01,2024-12-01,NA,NA,FALSE,FALSE
"CROSS1",2019-01-01,2019-01-01,2024-12-01,NA,NA,FALSE,FALSE
"DHR1",2019-01-01,2019-01-01,2024-12-01,NA,NA,FALSE,FALSE
"DMB1",2019-01-01,2019-01-01,2020-07-01,NA,NA,FALSE,FALSE
"DMB1",2020-08-01,2020-08-01,2021-03-01,NA,NA,FALSE,FALSE
"DMB1",2021-04-01,2021-04-01,2022-05-01,2021-04-10,NA,TRUE,FALSE
"DMB1",2022-06-01,2022-06-01,2024-01-01,2022-06-22,NA,TRUE,FALSE
"DMB1",2024-02-01,2024-02-01,2024-12-01,2024-02-14,NA,TRUE,FALSE
"DRO1",2019-01-01,2019-01-01,2019-11-01,NA,NA,FALSE,FALSE
"DRO1",2019-12-01,2019-12-01,2020-11-01,NA,NA,FALSE,FALSE
"DRO1",2020-12-01,2020-12-01,2021-11-01,NA,NA,FALSE,FALSE
"DRO1",2021-12-01,2021-12-01,2022-11-01,2021-12-09,NA,TRUE,FALSE
"DRO1",2022-12-01,2022-12-01,2023-11-01,2022-12-06,NA,TRUE,FALSE
"DRO1",2023-12-01,2023-12-01,2024-11-01,2023-12-10,2023-12-05,TRUE,FALSE
"DRO1",2024-12-01,2024-12-01,2024-12-01,2024-12-16,NA,TRUE,FALSE
"DUI1",2019-01-01,2019-01-01,2021-04-01,NA,NA,FALSE,FALSE
"DUI1",2021-05-01,2021-05-01,2023-01-01,2021-05-11,NA,TRUE,FALSE
"DUI1",2023-02-01,2023-02-01,2024-07-01,2023-02-28,NA,TRUE,FALSE
"DUI1",2024-08-01,2024-08-01,2024-12-01,2024-08-12,NA,TRUE,FALSE
"DUN1",2019-01-01,2019-01-01,2019-07-01,NA,NA,FALSE,FALSE
"DUN1",2019-08-01,2019-08-01,2020-11-01,NA,NA,FALSE,FALSE
"DUN1",2020-12-01,2020-12-01,2024-12-01,NA,NA,FALSE,FALSE
"DURY1",2019-01-01,2019-01-01,2019-11-01,NA,NA,FALSE,FALSE
"DURY1",2019-12-01,2019-12-01,2021-06-01,NA,NA,FALSE,FALSE
"DURY1",2021-07-01,2021-07-01,2023-07-01,2021-07-04,NA,TRUE,FALSE
"DURY1",2023-08-01,2023-08-01,2024-12-01,2023-08-04,NA,TRUE,FALSE
"EAIT1",2019-01-01,2019-01-01,2024-12-01,NA,NA,FALSE,FALSE
"EAR1",2019-01-01,2019-01-01,2020-01-01,NA,NA,FALSE,FALSE
"EAR1",2020-02-01,2020-02-01,2021-10-01,NA,NA,FALSE,FALSE
"EAR1",2021-11-01,2021-11-01,2023-09-01,2021-11-18,NA,TRUE,FALSE
"EAR1",2023-10-01,2023-10-01,2024-12-01,2023-10-26,NA,TRUE,FALSE
"ECHU1",2019-01-01,2019-01-01,2024-12-01,NA,NA,FALSE,FALSE
"EDA1",2019-01-01,2019-01-01,2020-02-01,NA,NA,FALSE,FALSE
"EDA1",2020-03-01,2020-03-01,2021-10-01,NA,NA,FALSE,FALSE
"EDA1",2021-11-01,2021-11-01,2023-09-01,2021-11-23,NA,TRUE,FALSE
"EDA1",2023-10-01,2023-10-01,2024-12-01,NA,NA,FALSE,FALSE
"EFM1",2019-01-01,2019-01-01,2019-11-01,NA,NA,FALSE,FALSE
"EFM1",2019-12-01,2019-12-01,2021-03-01,NA,NA,FALSE,FALSE
"EFM1",2021-04-01,2021-04-01,2023-03-01,2021-04-28,NA,TRUE,FALSE
"EFM1",2023-04-01,2023-04-01,2024-12-01,2023-04-18,NA,TRUE,FALSE
"EHIL3",2019-01-01,2019-01-01,2024-12-01,NA,NA,FALSE,FALSE
"EHS1",2019-01-01,2019-01-01,2024-12-01,NA,NA,FALSE,FALSE
"EIS1",2019-01-01,2019-01-01,2024-12-01,NA,NA,FALSE,FALSE
"ELAN1",2019-01-01,2019-01-01,2020-02-01,NA,NA,FALSE,FALSE
"ELAN1",2020-03-01,2020-03-01,2021-12-01,2020-03-20,NA,TRUE,FALSE
"ELAN1",2022-01-01,2022-01-01,2024-07-01,2022-01-15,NA,TRUE,FALSE
"ELAN1",2024-08-01,2024-08-01,2024-12-01,NA,NA,FALSE,FALSE
"ELR1",2019-01-01,2019-01-01,2019-09-01,NA,NA,FALSE,FALSE
"ELR1",2019-10-01,2019-10-01,2024-12-01,NA,NA,FALSE,FALSE
"EMS1",2019-01-01,2019-01-01,2024-12-01,NA,NA,FALSE,FALSE
"EMU1",2019-01-01,2019-01-01,2024-12-01,NA,NA,FALSE,FALSE
"EPO1",2019-01-01,2019-01-01,2020-04-01,NA,NA,FALSE,FALSE
"EPO1",2020-05-01,2020-05-01,2024-12-01,2020-05-04,NA,TRUE,FALSE
"ESH1",2019-01-01,2019-01-01,2019-12-01,NA,NA,FALSE,FALSE
"ESH1",2020-01-01,2020-01-01,2022-08-01,2020-01-10,NA,TRUE,FALSE
"ESH1",2022-09-01,2022-09-01,2024-01-01,2022-09-02,NA,TRUE,FALSE
"ESH1",2024-02-01,2024-02-01,2024-12-01,2024-02-15,NA,TRUE,FALSE
"ETRA1",2019-01-01,2019-01-01,2024-12-01,NA,NA,FALSE,FALSE
"FFMC01",2019-01-01,2019-01-01,2021-02-01,NA,NA,FALSE,FALSE
"FFMC01",2021-03-01,2021-03-01,2022-12-01,2021-03-15,NA,TRUE,FALSE
"FFMC01",2023-01-01,2023-01-01,2024-12-01,2023-01-23,NA,TRUE,FALSE
"FFMC02",2019-01-01,2019-01-01,2020-02-01,NA,NA,FALSE,FALSE
"FFMC02",2020-03-01,2020-03-01,2021-12-01,2020-03-17,NA,TRUE,FALSE
"FFMC02",2022-01-01,2022-01-01,2023-11-01,2022-01-11,NA,TRUE,FALSE
"FFMC02",2023-12-01,2023-12-01,2024-12-01,2023-12-12,NA,TRUE,FALSE
"FFMC10",2019-01-01,2019-01-01,2019-09-01,NA,NA,FALSE,FALSE
"FFMC10",2019-10-01,2019-10-01,2021-09-01,2019-10-06,NA,TRUE,FALSE
"FFMC10",2021-10-01,2021-10-01,2023-08-01,2021-10-08,NA,TRUE,FALSE
"FFMC10",2023-09-01,2023-09-01,2024-12-01,2023-09-28,NA,TRUE,FALSE
"FFMC14",2019-01-01,2019-01-01,2019-09-01,NA,NA,FALSE,FALSE
"FFMC14",2019-10-01,2019-10-01,2021-08-01,2019-10-03,NA,TRUE,FALSE
"FFMC14",2021-09-01,2021-09-01,2023-07-01,2021-09-19,NA,TRUE,FALSE
"FFMC14",2023-08-01,2023-08-01,2024-12-01,2023-08-06,NA,TRUE,FALSE
"FFMC17",2019-01-01,2019-01-01,2024-12-01,NA,NA,FALSE,FALSE
"FFMC19",2019-01-01,2019-01-01,2021-08-01,NA,NA,FALSE,FALSE
"FFMC19",2021-09-01,2021-09-01,2024-12-01,2021-09-21,NA,TRUE,FALSE
"FFMC20",2019-01-01,2019-01-01,2019-11-01,NA,NA,FALSE,FALSE
"FFMC20",2019-12-01,2019-12-01,2024-12-01,2019-12-01,NA,TRUE,FALSE
"FFMC22",2019-01-01,2019-01-01,2020-06-01,NA,NA,FALSE,FALSE
"FFMC22",2020-07-01,2020-07-01,2022-03-01,NA,NA,FALSE,FALSE
"FFMC22",2022-04-01,2022-04-01,2024-05-01,NA,NA,FALSE,FALSE
"FFMC22",2024-06-01,2024-06-01,2024-12-01,2024-06-02,NA,TRUE,FALSE
"FFMC23",2019-01-01,2019-01-01,2019-02-01,NA,NA,FALSE,FALSE
"FFMC23",2019-03-01,2019-03-01,2020-11-01,NA,NA,FALSE,FALSE
"FFMC23",2020-12-01,2020-12-01,2022-10-01,NA,NA,FALSE,FALSE
"FFMC23",2022-11-01,2022-11-01,2024-10-01,2022-11-30,NA,TRUE,FALSE
"FFMC23",2024-11-01,2024-11-01,2024-12-01,2024-11-21,NA,TRUE,FALSE
"FFMC24",2019-01-01,2019-01-01,2019-02-01,NA,NA,FALSE,FALSE
"FFMC24",2019-03-01,2019-03-01,2024-12-01,NA,NA,FALSE,FALSE
"FFMC25",2019-01-01,2019-01-01,2024-12-01,NA,NA,FALSE,FALSE
"FFMC26",2019-01-01,2019-01-01,2024-12-01,NA,NA,FALSE,FALSE
"FFMC27",2019-01-01,2019-01-01,2020-03-01,NA,NA,FALSE,FALSE
"FFMC27",2020-04-01,2020-04-01,2022-04-01,2020-04-07,NA,TRUE,FALSE
"FFMC27",2022-05-01,2022-05-01,2023-08-01,2022-05-08,NA,TRUE,FALSE
"FFMC27",2023-09-01,2023-09-01,2024-01-01,2023-09-03,NA,TRUE,FALSE
"FFMC27",2024-02-01,2024-02-01,2024-12-01,NA,NA,FALSE,FALSE
"FFMC29",2019-01-01,2019-01-01,2019-09-01,NA,NA,FALSE,FALSE
"FFMC29",2019-10-01,2019-10-01,2021-07-01,NA,NA,FALSE,FALSE
"FFMC29",2021-08-01,2021-08-01,2023-10-01,2021-08-27,NA,TRUE,FALSE
"FFMC29",2023-11-01,2023-11-01,2024-12-01,2023-11-08,NA,TRUE,FALSE
"FFMC30",2019-01-01,2019-01-01,2019-02-01,NA,NA,FALSE,FALSE
"FFMC30",2019-03-01,2019-03-01,2021-02-01,NA,NA,FALSE,FALSE
"FFMC30",2021-03-01,2021-03-01,2023-11-01,2021-03-28,NA,TRUE,FALSE
"FFMC30",2023-12-01,2023-12-01,2024-12-01,2023-12-17,NA,TRUE,FALSE
"FFMC34",2019-01-01,2019-01-01,2020-04-01,NA,NA,FALSE,FALSE
"FFMC34",2020-05-01,2020-05-01,2022-03-01,NA,NA,FALSE,FALSE
"FFMC34",2022-04-01,2022-04-01,2024-02-01,2022-04-16,NA,TRUE,FALSE
"FFMC34",2024-03-01,2024-03-01,2024-12-01,2024-03-16,NA,TRUE,FALSE
"FFMC41",2019-01-01,2019-01-01,2019-11-01,NA,NA,FALSE,FALSE
"FFMC41",2019-12-01,2019-12-01,2021-09-01,NA,NA,FALSE,FALSE
"FFMC41",2021-10-01,2021-10-01,2024-04-01,2021-10-02,NA,TRUE,FALSE
"FFMC41",2024-05-01,2024-05-01,2024-12-01,2024-05-13,NA,TRUE,FALSE
"FFMC43",2019-01-01,2019-01-01,2019-08-01,NA,NA,FALSE,FALSE
"FFMC43",2019-09-01,2019-09-01,2021-08-01,2019-09-23,NA,TRUE,FALSE
"FFMC43",2021-09-01,2021-09-01,2024-02-01,2021-09-17,NA,TRUE,FALSE
"FFMC43",2024-03-01,2024-03-01,2024-12-01,2024-03-07,NA,TRUE,FALSE
"FFMC45",2019-01-01,2019-01-01,2020-12-01,NA,NA,FALSE,FALSE
"FFMC45",2021-01-01,2021-01-01,2022-07-01,2021-01-05,NA,TRUE,FALSE
"FFMC45",2022-08-01,2022-08-01,2024-02-01,2022-08-12,NA,TRUE,FALSE
"FFMC45",2024-03-01,2024-03-01,2024-12-01,2024-03-17,NA,TRUE,FALSE
"FFMC46",2019-01-01,2019-01-01,2019-09-01,NA,NA,FALSE,FALSE
"FFMC46",2019-10-01,2019-10-01,2021-08-01,NA,NA,FALSE,FALSE
"FFMC46",2021-09-01,2021-09-01,2023-08-01,2021-09-01,NA,TRUE,FALSE
"FFMC46",2023-09-01,2023-09-01,2024-04-01,2023-09-15,NA,TRUE,FALSE
"FFMC46",2024-05-01,2024-05-01,2024-10-01,NA,NA,FALSE,FALSE
"FFMC46",2024-11-01,2024-11-01,2024-12-01,2024-11-29,NA,TRUE,FALSE
"FFMC47",2019-01-01,2019-01-01,2019-09-01,NA,NA,FALSE,FALSE
"FFMC47",2019-10-01,2019-10-01,2021-09-01,NA,NA,FALSE,FALSE
"FFMC47",2021-10-01,2021-10-01,2023-07-01,2021-10-08,NA,TRUE,FALSE
"FFMC47",2023-08-01,2023-08-01,2024-12-01,2023-08-31,NA,TRUE,FALSE
"FFMC49",2019-01-01,2019-01-01,2019-08-01,NA,NA,FALSE,FALSE
"FFMC49",2019-09-01,2019-09-01,2021-08-01,NA,NA,FALSE,FALSE
"FFMC49",2021-09-01,2021-09-01,2023-07-01,2021-09-23,NA,TRUE,FALSE
"FFMC49",2023-08-01,2023-08-01,2024-12-01,2023-08-04,NA,TRUE,FALSE
"FFMC52",2019-01-01,2019-01-01,2024-12-01,NA,NA,FALSE,FALSE
"FFMC53",2019-01-01,2019-01-01,2024-12-01,NA,NA,FALSE,FALSE
"FFMC54",2019-01-01,2019-01-01,2020-03-01,NA,NA,FALSE,FALSE
"FFMC54",2020-04-01,2020-04-01,2022-03-01,2020-04-24,NA,TRUE,FALSE
"FFMC54",2022-04-01,2022-04-01,2024-04-01,2022-04-04,NA,TRUE,FALSE
"FFMC54",2024-05-01,2024-05-01,2024-12-01,2024-05-07,NA,TRUE,FALSE
"FFMC55",2019-01-01,2019-01-01,2020-04-01,NA,NA,FALSE,FALSE
"FFMC55",2020-05-01,2020-05-01,2021-04-01,NA,NA,FALSE,FALSE
"FFMC55",2021-05-01,2021-05-01,2022-10-01,2021-05-16,NA,TRUE,FALSE
"FFMC55",2022-11-01,2022-11-01,2024-10-01,2022-11-01,NA,TRUE,FALSE
"FFMC55",2024-11-01,2024-11-01,2024-12-01,2024-11-30,NA,TRUE,FALSE
"FFMC56",2019-01-01,2019-01-01,2020-02-01,NA,NA,FALSE,FALSE
"FFMC56",2020-03-01,2020-03-01,2022-03-01,NA,NA,FALSE,FALSE
"FFMC56",2022-04-01,2022-04-01,2024-01-01,2022-04-11,NA,TRUE,FALSE
"FFMC56",2024-02-01,2024-02-01,2024-12-01,2024-02-07,NA,TRUE,FALSE
"FFMC57",2019-01-01,2019-01-01,2019-06-01,NA,NA,FALSE,FALSE
"FFMC57",2019-07-01,2019-07-01,2020-11-01,NA,NA,FALSE,FALSE
"FFMC57",2020-12-01,2020-12-01,2023-04-01,NA,NA,FALSE,FALSE
"FFMC57",2023-05-01,2023-05-01,2024-12-01,2023-05-22,NA,TRUE,FALSE
"FFMC59",2019-01-01,2019-01-01,2020-09-01,NA,NA,FALSE,FALSE
"FFMC59",2020-10-01,2020-10-01,2022-08-01,NA,NA,FALSE,FALSE
"FFMC59",2022-09-01,2022-09-01,2024-05-01,2022-09-12,NA,TRUE,FALSE
"FFMC59",2024-06-01,2024-06-01,2024-12-01,2024-06-28,NA,TRUE,FALSE
"FFMC60",2019-01-01,2019-01-01,2019-12-01,NA,NA,FALSE,FALSE
"FFMC60",2020-01-01,2020-01-01,2021-12-01,NA,NA,FALSE,FALSE
"FFMC60",2022-01-01,2022-01-01,2024-10-01,2022-01-23,NA,TRUE,FALSE
"FFMC60",2024-11-01,2024-11-01,2024-12-01,2024-11-21,NA,TRUE,FALSE
"FFMC63",2019-01-01,2019-01-01,2024-12-01,NA,NA,FALSE,FALSE
"FFMC64",2019-01-01,2019-01-01,2024-12-01,NA,NA,FALSE,FALSE
"FFMC66",2019-01-01,2019-01-01,2020-01-01,NA,NA,FALSE,FALSE
"FFMC66",2020-02-01,2020-02-01,2022-01-01,NA,NA,FALSE,FALSE
"FFMC66",2022-02-01,2022-02-01,2024-02-01,2022-02-10,NA,TRUE,FALSE
"FFMC66",2024-03-01,2024-03-01,2024-12-01,NA,NA,FALSE,FALSE
"FFMC70",2019-01-01,2019-01-01,2019-08-01,NA,NA,FALSE,FALSE
"FFMC70",2019-09-01,2019-09-01,2021-09-01,NA,NA,FALSE,FALSE
"FFMC70",2021-10-01,2021-10-01,2023-10-01,2021-10-10,NA,TRUE,FALSE
"FFMC70",2023-11-01,2023-11-01,2024-12-01,2023-11-25,NA,TRUE,FALSE
"FFMC71",2019-01-01,2019-01-01,2020-09-01,NA,NA,FALSE,FALSE
"FFMC71",2020-10-01,2020-10-01,2022-10-01,NA,NA,FALSE,FALSE
"FFMC71",2022-11-01,2022-11-01,2023-11-01,2022-11-29,NA,TRUE,FALSE
"FFMC71",2023-12-01,2023-12-01,2024-12-01,NA,NA,FALSE,FALSE
"FFMC72",2019-01-01,2019-01-01,2019-02-01,NA,NA,FALSE,FALSE
"FFMC72",2019-03-01,2019-03-01,2020-08-01,NA,NA,FALSE,FALSE
"FFMC72",2020-09-01,2020-09-01,2021-02-01,NA,NA,FALSE,FALSE
"FFMC72",2021-03-01,2021-03-01,2022-04-01,2021-03-23,NA,TRUE,FALSE
"FFMC72",2022-05-01,2022-05-01,2024-12-01,NA,NA,FALSE,FALSE
"FFMC75",2019-01-01,2019-01-01,2024-12-01,NA,NA,FALSE,FALSE
"FFMC77",2019-01-01,2019-01-01,2019-02-01,NA,NA,FALSE,FALSE
"FFMC77",2019-03-01,2019-03-01,2021-02-01,NA,NA,FALSE,FALSE
"FFMC77",2021-03-01,2021-03-01,2023-03-01,2021-03-08,NA,TRUE,FALSE
"FFMC77",2023-04-01,2023-04-01,2024-12-01,2023-04-10,NA,TRUE,FALSE
"FFMC78",2019-01-01,2019-01-01,2024-12-01,NA,NA,FALSE,FALSE
"FFMC79",2019-01-01,2019-01-01,2024-12-01,NA,NA,FALSE,FALSE
"FISH1",2019-01-01,2019-01-01,2024-12-01,NA,NA,FALSE,FALSE
"FIU1",2019-01-01,2019-01-01,2019-02-01,NA,NA,FALSE,FALSE
"FIU1",2019-03-01,2019-03-01,2021-04-01,NA,NA,FALSE,FALSE
"FIU1",2021-05-01,2021-05-01,2022-12-01,2021-05-01,NA,TRUE,FALSE
"FIU1",2023-01-01,2023-01-01,2024-12-01,2023-01-22,NA,TRUE,FALSE
"FLAE1",2019-01-01,2019-01-01,2020-01-01,NA,NA,FALSE,FALSE
"FLAE1",2020-02-01,2020-02-01,2022-01-01,2020-02-13,NA,TRUE,FALSE
"FLAE1",2022-02-01,2022-02-01,2024-01-01,2022-02-03,NA,TRUE,FALSE
"FLAE1",2024-02-01,2024-02-01,2024-12-01,2024-02-07,NA,TRUE,FALSE
"FOR2",2019-01-01,2019-01-01,2024-12-01,NA,NA,FALSE,FALSE
"GAIR1",2019-01-01,2019-01-01,2019-08-01,NA,NA,FALSE,FALSE
"GAIR1",2019-09-01,2019-09-01,2021-10-01,NA,NA,FALSE,FALSE
"GAIR1",2021-11-01,2021-11-01,2023-08-01,2021-11-21,NA,TRUE,FALSE
"GAIR1",2023-09-01,2023-09-01,2024-12-01,2023-09-20,NA,TRUE,FALSE
"GAS1",2019-01-01,2019-01-01,2024-12-01,NA,NA,FALSE,FALSE
"GCD1",2019-01-01,2019-01-01,2024-12-01,NA,NA,FALSE,FALSE
"GEOB1",2019-01-01,2019-01-01,2024-12-01,NA,NA,FALSE,FALSE
"GEOC1",2019-01-01,2019-01-01,2024-12-01,NA,NA,FALSE,FALSE
"GHC1",2019-01-01,2019-01-01,2019-03-01,NA,NA,FALSE,FALSE
"GHC1",2019-04-01,2019-04-01,2021-02-01,NA,NA,FALSE,FALSE
"GHC1",2021-03-01,2021-03-01,2022-08-01,NA,NA,FALSE,FALSE
"GHC1",2022-09-01,2022-09-01,2023-03-01,2022-09-05,NA,TRUE,FALSE
"GHC1",2023-04-01,2023-04-01,2024-12-01,2023-04-12,NA,TRUE,FALSE
"GHCO1",2019-01-01,2019-01-01,2019-10-01,NA,NA,FALSE,FALSE
"GHCO1",2019-11-01,2019-11-01,2021-03-01,2019-11-05,NA,TRUE,FALSE
"GHCO1",2021-04-01,2021-04-01,2024-01-01,NA,NA,FALSE,FALSE
"GHCO1",2024-02-01,2024-02-01,2024-12-01,2024-02-22,NA,TRUE,FALSE
"GNH1",2019-01-01,2019-01-01,2019-07-01,NA,NA,FALSE,FALSE
"GNH1",2019-08-01,2019-08-01,2024-03-01,NA,NA,FALSE,FALSE
"GNH1",2024-04-01,2024-04-01,2024-12-01,2024-04-16,NA,TRUE,FALSE
"GOMT1",2019-01-01,2019-01-01,2020-08-01,NA,NA,FALSE,FALSE
"GOMT1",2020-09-01,2020-09-01,2022-08-01,NA,NA,FALSE,FALSE
"GOMT1",2022-09-01,2022-09-01,2024-10-01,2022-09-09,NA,TRUE,FALSE
"GOMT1",2024-11-01,2024-11-01,2024-12-01,2024-11-06,NA,TRUE,FALSE
"GON1",2019-01-01,2019-01-01,2024-12-01,NA,NA,FALSE,FALSE
"GORS1",2019-01-01,2019-01-01,2019-11-01,NA,NA,FALSE,FALSE
"GORS1",2019-12-01,2019-12-01,2021-07-01,NA,NA,FALSE,FALSE
"GORS1",2021-08-01,2021-08-01,2024-12-01,2021-08-31,NA,TRUE,FALSE
"GOUS1",2019-01-01,2019-01-01,2024-12-01,NA,NA,FALSE,FALSE
"GRE1",2019-01-01,2019-01-01,2019-01-01,NA,NA,FALSE,FALSE
"GRE1",2019-02-01,2019-02-01,2021-02-01,NA,NA,FALSE,FALSE
"GRE1",2021-03-01,2021-03-01,2022-09-01,2021-03-10,NA,TRUE,FALSE
"GRE1",2022-10-01,2022-10-01,2023-11-01,2022-10-18,NA,TRUE,FALSE
"GRE1",2023-12-01,2023-12-01,2024-09-01,2023-12-11,NA,TRUE,FALSE
"GRE1",2024-10-01,2024-10-01,2024-12-01,2024-10-04,NA,TRUE,FALSE
"GREI1",2019-01-01,2019-01-01,2024-12-01,NA,NA,FALSE,FALSE
"GRI1",2019-01-01,2019-01-01,2024-12-01,NA,NA,FALSE,FALSE
"GRL1",2019-01-01,2019-01-01,2022-02-01,NA,NA,FALSE,FALSE
"GRL1",2022-03-01,2022-03-01,2024-02-01,2022-03-25,NA,TRUE,FALSE
"GRL1",2024-03-01,2024-03-01,2024-12-01,NA,NA,FALSE,FALSE
"GRN1",2019-01-01,2019-01-01,2019-03-01,NA,NA,FALSE,FALSE
"GRN1",2019-04-01,2019-04-01,2020-03-01,NA,NA,FALSE,FALSE
"GRN1",2020-04-01,2020-04-01,2022-02-01,2020-04-02,NA,TRUE,FALSE
"GRN1",2022-03-01,2022-03-01,2024-12-01,2022-03-14,NA,TRUE,FALSE
"GROB1",2019-01-01,2019-01-01,2024-12-01,NA,NA,FALSE,FALSE
"GRT1",2019-01-01,2019-01-01,2021-02-01,NA,NA,FALSE,FALSE
"GRT1",2021-03-01,2021-03-01,2023-04-01,NA,NA,FALSE,FALSE
"GRT1",2023-05-01,2023-05-01,2024-12-01,2023-05-08,NA,TRUE,FALSE
"GVAL1",2019-01-01,2019-01-01,2024-12-01,NA,NA,FALSE,FALSE
"HAC1",2019-01-01,2019-01-01,2019-12-01,NA,NA,FALSE,FALSE
"HAC1",2020-01-01,2020-01-01,2021-12-01,NA,NA,FALSE,FALSE
"HAC1",2022-01-01,2022-01-01,2023-01-01,NA,NA,FALSE,FALSE
"HAC1",2023-02-01,2023-02-01,2024-03-01,2023-02-11,NA,TRUE,FALSE
"HAC1",2024-04-01,2024-04-01,2024-12-01,2024-04-10,NA,TRUE,FALSE
"HAML1",2019-01-01,2019-01-01,2024-12-01,NA,NA,FALSE,FALSE
"HAMN1",2019-01-01,2019-01-01,2024-12-01,NA,NA,FALSE,FALSE
"HAS1",2019-01-01,2019-01-01,2019-12-01,NA,NA,FALSE,FALSE
"HAS1",2020-01-01,2020-01-01,2022-03-01,NA,NA,FALSE,FALSE
"HAS1",2022-04-01,2022-04-01,2023-12-01,NA,NA,FALSE,FALSE
"HAS1",2024-01-01,2024-01-01,2024-12-01,2024-01-23,NA,TRUE,FALSE
"HEL1",2019-01-01,2019-01-01,2019-04-01,NA,NA,FALSE,FALSE
"HEL1",2019-05-01,2019-05-01,2020-02-01,NA,NA,FALSE,FALSE
"HEL1",2020-03-01,2020-03-01,2021-03-01,NA,NA,FALSE,FALSE
"HEL1",2021-04-01,2021-04-01,2022-05-01,NA,NA,FALSE,FALSE
"HEL1",2022-06-01,2022-06-01,2023-04-01,2022-06-12,NA,TRUE,FALSE
"HEL1",2023-05-01,2023-05-01,2024-03-01,2023-05-14,NA,TRUE,FALSE
"HEL1",2024-04-01,2024-04-01,2024-12-01,2024-04-25,NA,TRUE,FALSE
"HGEO3",2019-01-01,2019-01-01,2020-07-01,NA,NA,FALSE,FALSE
"HGEO3",2020-08-01,2020-08-01,2021-12-01,NA,NA,FALSE,FALSE
"HGEO3",2022-01-01,2022-01-01,2024-02-01,2022-01-27,NA,TRUE,FALSE
"HGEO3",2024-03-01,2024-03-01,2024-12-01,NA,NA,FALSE,FALSE
"HMR1",2019-01-01,2019-01-01,2024-12-01,NA,NA,FALSE,FALSE
"HNDA1",2019-01-01,2019-01-01,2020-09-01,NA,NA,FALSE,FALSE
"HNDA1",2020-10-01,2020-10-01,2022-06-01,2020-10-29,NA,TRUE,FALSE
"HNDA1",2022-07-01,2022-07-01,2024-10-01,2022-07-19,NA,TRUE,FALSE
"HNDA1",2024-11-01,2024-11-01,2024-12-01,2024-11-23,NA,TRUE,FALSE
"HNW1",2019-01-01,2019-01-01,2020-02-01,NA,NA,FALSE,FALSE
"HNW1",2020-03-01,2020-03-01,2022-07-01,NA,NA,FALSE,FALSE
"HNW1",2022-08-01,2022-08-01,2024-12-01,2022-08-03,NA,TRUE,FALSE
"HOB1",2019-01-01,2019-01-01,2024-12-01,NA,NA,FALSE,FALSE
"HOG1",2019-01-01,2019-01-01,2020-05-01,NA,NA,FALSE,FALSE
"HOG1",2020-06-01,2020-06-01,2022-06-01,2020-06-15,NA,TRUE,FALSE
"HOG1",2022-07-01,2022-07-01,2024-09-01,2022-07-07,NA,TRUE,FALSE
"HOG1",2024-10-01,2024-10-01,2024-12-01,2024-10-02,NA,TRUE,FALSE
"HOL1",2019-01-01,2019-01-01,2024-12-01,NA,NA,FALSE,FALSE
"HOL2",2019-01-01,2019-01-01,2024-12-01,NA,NA,FALSE,FALSE
"HOL3",2019-01-01,2019-01-01,2024-12-01,NA,NA,FALSE,FALSE
"HSND1",2019-01-01,2019-01-01,2024-12-01,NA,NA,FALSE,FALSE
"ILC1",2019-01-01,2019-01-01,2024-12-01,NA,NA,FALSE,FALSE
"INV1",2019-01-01,2019-01-01,2020-11-01,NA,NA,FALSE,FALSE
"INV1",2020-12-01,2020-12-01,2022-08-01,NA,NA,FALSE,FALSE
"INV1",2022-09-01,2022-09-01,2024-11-01,2022-09-26,NA,TRUE,FALSE
"INV1",2024-12-01,2024-12-01,2024-12-01,2024-12-05,NA,TRUE,FALSE
"INVT1",2020-01-01,2020-01-01,2020-03-01,NA,NA,FALSE,FALSE
"INVT1",2020-04-01,2020-04-01,2023-08-01,NA,NA,FALSE,FALSE
"INVT1",2023-09-01,2023-09-01,2024-12-01,2023-09-12,NA,TRUE,FALSE
"IOEWE2",2019-01-01,2019-01-01,2019-03-01,NA,NA,FALSE,FALSE
"IOEWE2",2019-04-01,2019-04-01,2024-09-01,NA,NA,FALSE,FALSE
"KAN2",2019-01-01,2019-01-01,2024-12-01,NA,NA,FALSE,FALSE
"KEM1",2019-01-01,2019-01-01,2020-09-01,NA,NA,FALSE,FALSE
"KEM1",2020-10-01,2020-10-01,2024-12-01,NA,NA,FALSE,FALSE
"KING1",2019-01-01,2019-01-01,2021-09-01,NA,NA,FALSE,FALSE
"KING1",2021-10-01,2021-10-01,2023-08-01,2021-10-02,NA,TRUE,FALSE
"KING1",2023-09-01,2023-09-01,2024-12-01,2023-09-16,NA,TRUE,FALSE
"KIO1",2019-01-01,2019-01-01,2020-07-01,NA,NA,FALSE,FALSE
"KIO1",2020-08-01,2020-08-01,2022-05-01,2020-08-31,NA,TRUE,FALSE
"KIO1",2022-06-01,2022-06-01,2024-10-01,2022-06-28,NA,TRUE,FALSE
"KIO1",2024-11-01,2024-11-01,2024-12-01,2024-11-17,NA,TRUE,FALSE
"KYL1",2019-01-01,2019-01-01,2020-10-01,NA,NA,FALSE,FALSE
"KYL1",2020-11-01,2020-11-01,2022-10-01,NA,NA,FALSE,FALSE
"KYL1",2022-11-01,2022-11-01,2024-12-01,2022-11-17,NA,TRUE,FALSE
"LAXV2",2019-01-01,2019-01-01,2024-12-01,NA,NA,FALSE,FALSE
"LBUR1",2019-01-01,2019-01-01,2021-10-01,NA,NA,FALSE,FALSE
"LBUR1",2021-11-01,2021-11-01,2023-10-01,2021-11-16,NA,TRUE,FALSE
"LBUR1",2023-11-01,2023-11-01,2024-12-01,2023-11-20,NA,TRUE,FALSE
"LEU1",2019-01-01,2019-01-01,2024-12-01,NA,NA,FALSE,FALSE
"LGEO2",2019-01-01,2019-01-01,2020-02-01,NA,NA,FALSE,FALSE
"LGEO2",2020-03-01,2020-03-01,2022-06-01,2020-03-12,NA,TRUE,FALSE
"LGEO2",2022-07-01,2022-07-01,2024-12-01,2022-07-05,NA,TRUE,FALSE
"LINB1",2019-01-01,2019-01-01,2024-12-01,NA,NA,FALSE,FALSE
"LING1",2019-01-01,2019-01-01,2021-03-01,NA,NA,FALSE,FALSE
"LING1",2021-04-01,2021-04-01,2023-01-01,2021-04-26,NA,TRUE,FALSE
"LING1",2023-02-01,2023-02-01,2024-12-01,2023-02-21,NA,TRUE,FALSE
"LIT1",2019-01-01,2019-01-01,2019-04-01,NA,NA,FALSE,FALSE
"LIT1",2019-05-01,2019-05-01,2021-05-01,NA,NA,FALSE,FALSE
"LIT1",2021-06-01,2021-06-01,2024-12-01,NA,NA,FALSE,FALSE
"LIT2",2019-01-01,2019-01-01,2024-12-01,NA,NA,FALSE,FALSE
"LLB1",2019-01-01,2019-01-01,2024-12-01,NA,NA,FALSE,FALSE
"LYR1",2019-01-01,2019-01-01,2019-09-01,NA,NA,FALSE,FALSE
"LYR1",2019-10-01,2019-10-01,2020-09-01,NA,NA,FALSE,FALSE
"LYR1",2020-10-01,2020-10-01,2024-12-01,NA,NA,FALSE,FALSE
"MAAR1",2019-01-01,2019-01-01,2024-12-01,NA,NA,FALSE,FALSE
"MAAY1",2019-01-01,2019-01-01,2019-02-01,NA,NA,FALSE,FALSE
"MAAY1",2019-03-01,2019-03-01,2020-02-01,NA,NA,FALSE,FALSE
"MAAY1",2020-03-01,2020-03-01,2022-02-01,NA,NA,FALSE,FALSE
"MAAY1",2022-03-01,2022-03-01,2024-10-01,2022-03-05,NA,TRUE,FALSE
"MAAY1",2024-11-01,2024-11-01,2024-12-01,2024-11-11,NA,TRUE,FALSE
"MAN2",2019-01-01,2019-01-01,2020-08-01,NA,NA,FALSE,FALSE
"MAN2",2020-09-01,2020-09-01,2022-08-01,NA,NA,FALSE,FALSE
"MAN2",2022-09-01,2022-09-01,2024-12-01,2022-09-29,NA,TRUE,FALSE
"MAN3",2019-01-01,2019-01-01,2024-12-01,NA,NA,FALSE,FALSE
"MAOB1",2019-01-01,2019-01-01,2019-12-01,NA,NA,FALSE,FALSE
"MAOB1",2020-01-01,2020-01-01,2021-05-01,NA,NA,FALSE,FALSE
"MAOB1",2021-06-01,2021-06-01,2022-03-01,2021-06-14,NA,TRUE,FALSE
"MAOB1",2022-04-01,2022-04-01,2024-04-01,2022-04-21,NA,TRUE,FALSE
"MAOB1",2024-05-01,2024-05-01,2024-12-01,2024-05-05,NA,TRUE,FALSE
"MBM1",2019-01-01,2019-01-01,2019-09-01,NA,NA,FALSE,FALSE
"MBM1",2019-10-01,2019-10-01,2021-10-01,NA,NA,FALSE,FALSE
"MBM1",2021-11-01,2021-11-01,2023-08-01,2021-11-22,NA,TRUE,FALSE
"MBM1",2023-09-01,2023-09-01,2024-12-01,2023-09-28,NA,TRUE,FALSE
"MCLN1",2019-01-01,2019-01-01,2020-10-01,NA,NA,FALSE,FALSE
"MCLN1",2020-11-01,2020-11-01,2022-08-01,2020-11-24,NA,TRUE,FALSE
"MCLN1",2022-09-01,2022-09-01,2024-05-01,2022-09-23,NA,TRUE,FALSE
"MCLN1",2024-06-01,2024-06-01,2024-09-01,2024-06-06,NA,TRUE,FALSE
"MCLN1",2024-10-01,2024-10-01,2024-12-01,2024-10-02,NA,TRUE,FALSE
"MCTE1",2023-01-01,2023-01-01,2024-04-01,NA,NA,FALSE,FALSE
"MCTE1",2024-05-01,2024-05-01,2024-12-01,2024-05-27,NA,TRUE,FALSE
"MEAN2",2019-01-01,2019-01-01,2024-12-01,NA,NA,FALSE,FALSE
"MIC1",2019-01-01,2019-01-01,2024-12-01,NA,NA,FALSE,FALSE
"MIL1",2019-01-01,2019-01-01,2024-12-01,NA,NA,FALSE,FALSE
"MILL1",2019-01-01,2019-01-01,2024-12-01,NA,NA,FALSE,FALSE
"MLLB1",2020-03-01,2020-03-01,2020-03-01,NA,NA,FALSE,FALSE
"MLLB1",2020-04-01,2020-04-01,2022-02-01,NA,NA,FALSE,FALSE
"MLLB1",2022-03-01,2022-03-01,2023-03-01,2022-03-26,NA,TRUE,FALSE
"MLLB1",2023-04-01,2023-04-01,2024-03-01,2023-04-04,NA,TRUE,FALSE
"MLLB1",2024-04-01,2024-04-01,2024-12-01,2024-04-15,NA,TRUE,FALSE
"MRGY1",2019-01-01,2019-01-01,2020-06-01,NA,NA,FALSE,FALSE
"MRGY1",2020-07-01,2020-07-01,2022-03-01,NA,NA,FALSE,FALSE
"MRGY1",2022-04-01,2022-04-01,2024-03-01,2022-04-01,NA,TRUE,FALSE
"MRGY1",2024-04-01,2024-04-01,2024-12-01,2024-04-09,NA,TRUE,FALSE
"MSTR1",2019-01-01,2019-01-01,2019-04-01,NA,NA,FALSE,FALSE
"MSTR1",2019-05-01,2019-05-01,2024-12-01,NA,NA,FALSE,FALSE
"NCH1",2019-01-01,2019-01-01,2019-02-01,NA,NA,FALSE,FALSE
"NCH1",2019-03-01,2019-03-01,2020-01-01,NA,NA,FALSE,FALSE
"NCH1",2020-02-01,2020-02-01,2021-02-01,NA,NA,FALSE,FALSE
"NCH1",2021-03-01,2021-03-01,2024-12-01,2021-03-22,NA,TRUE,FALSE
"NEPL1",2019-01-01,2019-01-01,2020-07-01,NA,NA,FALSE,FALSE
"NEPL1",2020-08-01,2020-08-01,2023-02-01,NA,NA,FALSE,FALSE
"NEPL1",2023-03-01,2023-03-01,2024-12-01,2023-03-29,NA,TRUE,FALSE
"NHAV1",2019-01-01,2019-01-01,2024-12-01,NA,NA,FALSE,FALSE
"NKBN1",2020-01-01,2020-01-01,2024-05-01,NA,NA,FALSE,FALSE
"NKBN1",2024-06-01,2024-06-01,2024-12-01,2024-06-29,NA,TRUE,FALSE
"NNES1",2019-01-01,2019-01-01,2024-12-01,NA,NA,FALSE,FALSE
"NOR1",2019-01-01,2019-01-01,2024-12-01,NA,NA,FALSE,FALSE
"NOS1",2019-01-01,2019-01-01,2019-03-01,NA,NA,FALSE,FALSE
"NOS1",2019-04-01,2019-04-01,2021-03-01,NA,NA,FALSE,FALSE
"NOS1",2021-04-01,2021-04-01,2023-02-01,NA,NA,FALSE,FALSE
"NOS1",2023-03-01,2023-03-01,2024-12-01,2023-03-10,NA,TRUE,FALSE
"NRAS1",2020-08-01,2020-08-01,2024-12-01,NA,NA,FALSE,FALSE
"NSAN1",2019-01-01,2019-01-01,2020-03-01,NA,NA,FALSE,FALSE
"NSAN1",2020-04-01,2020-04-01,2022-01-01,NA,NA,FALSE,FALSE
"NSAN1",2022-02-01,2022-02-01,2022-12-01,NA,NA,FALSE,FALSE
"NSAN1",2023-01-01,2023-01-01,2024-01-01,2023-01-26,NA,TRUE,FALSE
"NSAN1",2024-02-01,2024-02-01,2024-12-01,2024-02-28,NA,TRUE,FALSE
"NWW1",2019-01-01,2019-01-01,2020-05-01,NA,NA,FALSE,FALSE
"NWW1",2020-06-01,2020-06-01,2021-07-01,2020-06-25,NA,TRUE,FALSE
"NWW1",2021-08-01,2021-08-01,2023-07-01,2021-08-06,NA,TRUE,FALSE
"NWW1",2023-08-01,2023-08-01,2024-07-01,2023-08-03,NA,TRUE,FALSE
"NWW1",2024-08-01,2024-08-01,2024-12-01,2024-08-15,NA,TRUE,FALSE
"OLD1",2019-01-01,2019-01-01,2020-02-01,NA,NA,FALSE,FALSE
"OLD1",2020-03-01,2020-03-01,2022-03-01,NA,NA,FALSE,FALSE
"OLD1",2022-04-01,2022-04-01,2024-01-01,2022-04-04,NA,TRUE,FALSE
"OLD1",2024-02-01,2024-02-01,2024-12-01,2024-02-17,NA,TRUE,FALSE
"OLN2",2019-01-01,2019-01-01,2024-12-01,NA,NA,FALSE,FALSE
"OLNA1",2019-01-01,2019-01-01,2019-04-01,NA,NA,FALSE,FALSE
"OLNA1",2019-05-01,2019-05-01,2020-09-01,NA,NA,FALSE,FALSE
"OLNA1",2020-10-01,2020-10-01,2022-07-01,2020-10-01,NA,TRUE,FALSE
"OLNA1",2022-08-01,2022-08-01,2024-10-01,2022-08-28,NA,TRUE,FALSE
"OLNA1",2024-11-01,2024-11-01,2024-12-01,2024-11-12,NA,TRUE,FALSE
"ORE1",2019-01-01,2019-01-01,2024-12-01,NA,NA,FALSE,FALSE
"OUSN1",2019-01-01,2019-01-01,2020-02-01,NA,NA,FALSE,FALSE
"OUSN1",2020-03-01,2020-03-01,2021-01-01,NA,NA,FALSE,FALSE
"OUSN1",2021-02-01,2021-02-01,2022-01-01,2021-02-04,NA,TRUE,FALSE
"OUSN1",2022-02-01,2022-02-01,2024-12-01,2022-02-17,NA,TRUE,FALSE
"PAPE1",2019-01-01,2019-01-01,2024-12-01,NA,NA,FALSE,FALSE
"PEC1",2019-01-01,2019-01-01,2024-12-01,NA,NA,FALSE,FALSE
"PEC3",2019-01-01,2019-01-01,2024-12-01,NA,NA,FALSE,FALSE
"PEG1",2019-01-01,2019-01-01,2021-09-01,NA,NA,FALSE,FALSE
"PEG1",2021-10-01,2021-10-01,2023-05-01,NA,NA,FALSE,FALSE
"PEG1",2023-06-01,2023-06-01,2024-12-01,2023-06-24,NA,TRUE,FALSE
"PLOC1",2019-01-01,2019-01-01,2019-09-01,NA,NA,FALSE,FALSE
"PLOC1",2019-10-01,2019-10-01,2021-10-01,NA,NA,FALSE,FALSE
"PLOC1",2021-11-01,2021-11-01,2023-04-01,2021-11-03,NA,TRUE,FALSE
"PLOC1",2023-05-01,2023-05-01,2024-12-01,NA,NA,FALSE,FALSE
"POR2",2019-01-01,2019-01-01,2020-08-01,NA,NA,FALSE,FALSE
"POR2",2020-09-01,2020-09-01,2022-04-01,NA,NA,FALSE,FALSE
"POR2",2022-05-01,2022-05-01,2023-02-01,NA,2022-05-26,FALSE,FALSE
"POR2",2023-03-01,2023-03-01,2024-11-01,2023-03-27,NA,TRUE,FALSE
"POR2",2024-12-01,2024-12-01,2024-12-01,NA,NA,FALSE,FALSE
"POR3",2019-01-01,2019-01-01,2020-08-01,NA,NA,FALSE,FALSE
"POR3",2020-09-01,2020-09-01,2021-04-01,NA,NA,FALSE,FALSE
"POR3",2021-05-01,2021-05-01,2023-02-01,2021-05-15,NA,TRUE,FALSE
"POR3",2023-03-01,2023-03-01,2024-11-01,2023-03-20,NA,TRUE,FALSE
"POR3",2024-12-01,2024-12-01,2024-12-01,NA,NA,FALSE,FALSE
"PORL1",2019-01-01,2019-01-01,2020-02-01,NA,NA,FALSE,FALSE
"PORL1",2020-03-01,2020-03-01,2022-02-01,2020-03-18,NA,TRUE,FALSE
"PORL1",2022-03-01,2022-03-01,2022-10-01,2022-03-15,NA,TRUE,FALSE
"PORL1",2022-11-01,2022-11-01,2024-01-01,NA,NA,FALSE,FALSE
"PORL1",2024-02-01,2024-02-01,2024-12-01,NA,NA,FALSE,FALSE
"PUL1",2019-01-01,2019-01-01,2019-07-01,NA,NA,FALSE,FALSE
"PUL1",2019-08-01,2019-08-01,2021-08-01,NA,NA,FALSE,FALSE
"PUL1",2021-09-01,2021-09-01,2023-11-01,2021-09-09,NA,TRUE,FALSE
"PUL1",2023-12-01,2023-12-01,2024-12-01,2023-12-25,NA,TRUE,FALSE
"PVOE1",2019-01-01,2019-01-01,2024-12-01,NA,NA,FALSE,FALSE
"RCHO1",2019-01-01,2019-01-01,2020-01-01,NA,NA,FALSE,FALSE
"RCHO1",2020-02-01,2020-02-01,2024-05-01,NA,NA,FALSE,FALSE
"RCHO1",2024-06-01,2024-06-01,2024-12-01,2024-06-28,NA,TRUE,FALSE
"REI2",2019-01-01,2019-01-01,2019-03-01,NA,NA,FALSE,FALSE
"REI2",2019-04-01,2019-04-01,2021-02-01,NA,NA,FALSE,FALSE
"REI2",2021-03-01,2021-03-01,2023-03-01,NA,NA,FALSE,FALSE
"REI2",2023-04-01,2023-04-01,2024-12-01,2023-04-03,NA,TRUE,FALSE
"REIB1",2019-01-01,2019-01-01,2019-09-01,NA,NA,FALSE,FALSE
"REIB1",2019-10-01,2019-10-01,2021-06-01,NA,NA,FALSE,FALSE
"REIB1",2021-07-01,2021-07-01,2022-09-01,2021-07-20,NA,TRUE,FALSE
"REIB1",2022-10-01,2022-10-01,2024-12-01,2022-10-04,NA,TRUE,FALSE
"ROD1",2019-01-01,2019-01-01,2024-12-01,NA,NA,FALSE,FALSE
"RONA1",2019-01-01,2019-01-01,2024-12-01,NA,NA,FALSE,FALSE
"RONB1",2019-01-01,2019-01-01,2024-12-01,NA,NA,FALSE,FALSE
"ROS1",2019-01-01,2019-01-01,2024-12-01,NA,NA,FALSE,FALSE
"RTRI1",2019-01-01,2019-01-01,2020-03-01,NA,NA,FALSE,FALSE
"RTRI1",2020-04-01,2020-04-01,2022-02-01,NA,NA,FALSE,FALSE
"RTRI1",2022-03-01,2022-03-01,2024-02-01,2022-03-29,NA,TRUE,FALSE
"RTRI1",2024-03-01,2024-03-01,2024-12-01,2024-03-02,NA,TRUE,FALSE
"RUIN1",2019-01-01,2019-01-01,2024-12-01,NA,NA,FALSE,FALSE
"RUM1",2019-01-01,2019-01-01,2020-08-01,NA,NA,FALSE,FALSE
"RUM1",2020-09-01,2020-09-01,2022-06-01,NA,NA,FALSE,FALSE
"RUM1",2022-07-01,2022-07-01,2023-09-01,2022-07-30,NA,TRUE,FALSE
"RUM1",2023-10-01,2023-10-01,2024-08-01,2023-10-06,NA,TRUE,FALSE
"RUM1",2024-09-01,2024-09-01,2024-12-01,2024-09-15,NA,TRUE,FALSE
"SANDA1",2019-01-01,2019-01-01,2024-12-01,NA,NA,FALSE,FALSE
"SCA1",2019-01-01,2019-01-01,2024-12-01,NA,NA,FALSE,FALSE
"SCAD1",2019-01-01,2019-01-01,2019-08-01,NA,NA,FALSE,FALSE
"SCAD1",2019-09-01,2019-09-01,2021-07-01,NA,NA,FALSE,FALSE
"SCAD1",2021-08-01,2021-08-01,2024-12-01,2021-08-08,NA,TRUE,FALSE
"SCAP1",2019-01-01,2019-01-01,2019-03-01,NA,NA,FALSE,FALSE
"SCAP1",2019-04-01,2019-04-01,2021-02-01,NA,NA,FALSE,FALSE
"SCAP1",2021-03-01,2021-03-01,2023-02-01,2021-03-29,NA,TRUE,FALSE
"SCAP1",2023-03-01,2023-03-01,2024-08-01,2023-03-25,NA,TRUE,FALSE
"SCAP1",2024-09-01,2024-09-01,2024-12-01,2024-09-19,NA,TRUE,FALSE
"SCLP1",2019-01-01,2019-01-01,2020-05-01,NA,NA,FALSE,FALSE
"SCLP1",2020-06-01,2020-06-01,2022-01-01,NA,NA,FALSE,FALSE
"SCLP1",2022-02-01,2022-02-01,2024-03-01,2022-02-11,NA,TRUE,FALSE
"SCLP1",2024-04-01,2024-04-01,2024-12-01,2024-04-15,NA,TRUE,FALSE
"SCOT1",2019-01-01,2019-01-01,2019-09-01,NA,NA,FALSE,FALSE
"SCOT1",2019-10-01,2019-10-01,2021-09-01,NA,NA,FALSE,FALSE
"SCOT1",2021-10-01,2021-10-01,2023-04-01,2021-10-15,NA,TRUE,FALSE
"SCOT1",2023-05-01,2023-05-01,2024-12-01,2023-05-04,NA,TRUE,FALSE
"SCOT2",2019-01-01,2019-01-01,2024-12-01,NA,NA,FALSE,FALSE
"SCQN1",2019-01-01,2019-01-01,2019-03-01,NA,NA,FALSE,FALSE
"SCQN1",2019-04-01,2019-04-01,2019-12-01,NA,NA,FALSE,FALSE
"SCQN1",2020-01-01,2020-01-01,2022-02-01,NA,NA,FALSE,FALSE
"SCQN1",2022-03-01,2022-03-01,2024-03-01,2022-03-03,NA,TRUE,FALSE
"SCQN1",2024-04-01,2024-04-01,2024-12-01,2024-04-23,NA,TRUE,FALSE
"SDUG1",2019-01-01,2019-01-01,2020-06-01,NA,NA,FALSE,FALSE
"SDUG1",2020-07-01,2020-07-01,2022-01-01,NA,NA,FALSE,FALSE
"SDUG1",2022-02-01,2022-02-01,2024-09-01,NA,NA,FALSE,FALSE
"SDUG1",2024-10-01,2024-10-01,2024-12-01,2024-10-01,NA,TRUE,FALSE
"SEA5",2019-01-01,2019-01-01,2019-02-01,NA,NA,FALSE,FALSE
"SEA5",2019-03-01,2019-03-01,2021-03-01,NA,NA,FALSE,FALSE
"SEA5",2021-04-01,2021-04-01,2023-02-01,NA,NA,FALSE,FALSE
"SEA5",2023-03-01,2023-03-01,2024-12-01,2023-03-12,NA,TRUE,FALSE
"SEL3",2019-01-01,2019-01-01,2024-12-01,NA,NA,FALSE,FALSE
"SELH1",2019-01-01,2019-01-01,2023-03-01,NA,NA,FALSE,FALSE
"SELH1",2023-04-01,2023-04-01,2024-12-01,2023-04-18,2023-04-25,TRUE,FALSE
"SET1",2019-01-01,2019-01-01,2020-02-01,NA,NA,FALSE,FALSE
"SET1",2020-03-01,2020-03-01,2021-12-01,NA,NA,FALSE,FALSE
"SET1",2022-01-01,2022-01-01,2024-12-01,2022-01-07,NA,TRUE,FALSE
"SETN1",2019-01-01,2019-01-01,2019-03-01,NA,NA,FALSE,FALSE
"SETN1",2019-04-01,2019-04-01,2020-12-01,NA,NA,FALSE,FALSE
"SETN1",2021-01-01,2021-01-01,2023-01-01,2021-01-08,NA,TRUE,FALSE
"SETN1",2023-02-01,2023-02-01,2024-12-01,2023-02-18,NA,TRUE,FALSE
"SETW1",2019-01-01,2019-01-01,2020-12-01,NA,NA,FALSE,FALSE
"SETW1",2021-01-01,2021-01-01,2023-02-01,2021-01-18,NA,TRUE,FALSE
"SETW1",2023-03-01,2023-03-01,2024-12-01,2023-03-09,NA,TRUE,FALSE
"SGND1",2019-01-01,2019-01-01,2021-02-01,NA,NA,FALSE,FALSE
"SGND1",2021-03-01,2021-03-01,2023-02-01,2021-03-06,NA,TRUE,FALSE
"SGND1",2023-03-01,2023-03-01,2024-12-01,2023-03-07,NA,TRUE,FALSE
"SHAV1",2019-01-01,2019-01-01,2024-12-01,NA,NA,FALSE,FALSE
"SHEO1",2019-01-01,2019-01-01,2024-12-01,NA,NA,FALSE,FALSE
"SHOY1",2019-01-01,2019-01-01,2024-12-01,NA,NA,FALSE,FALSE
"SHUI1",2022-01-01,2022-01-01,2022-03-01,NA,NA,FALSE,FALSE
"SHUI1",2022-04-01,2022-04-01,2024-08-01,2022-04-21,NA,TRUE,FALSE
"SHUI1",2024-09-01,2024-09-01,2024-12-01,2024-09-03,NA,TRUE,FALSE
"SIAN1",2019-01-01,2019-01-01,2020-03-01,NA,NA,FALSE,FALSE
"SIAN1",2020-04-01,2020-04-01,2022-01-01,NA,NA,FALSE,FALSE
"SIAN1",2022-02-01,2022-02-01,2023-08-01,2022-02-19,NA,TRUE,FALSE
"SIAN1",2023-09-01,2023-09-01,2024-12-01,2023-09-12,NA,TRUE,FALSE
"SKIO1",2019-01-01,2019-01-01,2019-08-01,NA,NA,FALSE,FALSE
"SKIO1",2019-09-01,2019-09-01,2019-12-01,NA,NA,FALSE,FALSE
"SKIO1",2020-01-01,2020-01-01,2023-10-01,NA,NA,FALSE,FALSE
"SKIO1",2023-11-01,2023-11-01,2024-12-01,2023-11-30,NA,TRUE,FALSE
"SKLW1",2019-01-01,2019-01-01,2019-10-01,NA,NA,FALSE,FALSE
"SKLW1",2019-11-01,2019-11-01,2021-11-01,NA,NA,FALSE,FALSE
"SKLW1",2021-12-01,2021-12-01,2022-12-01,2021-12-12,NA,TRUE,FALSE
"SKLW1",2023-01-01,2023-01-01,2023-12-01,2023-01-07,NA,TRUE,FALSE
"SKLW1",2024-01-01,2024-01-01,2024-11-01,2024-01-08,NA,TRUE,FALSE
"SKLW1",2024-12-01,2024-12-01,2024-12-01,2024-12-13,NA,TRUE,FALSE
"SLO1",2019-01-01,2019-01-01,2019-03-01,NA,NA,FALSE,FALSE
"SLO1",2019-04-01,2019-04-01,2021-02-01,NA,NA,FALSE,FALSE
"SLO1",2021-03-01,2021-03-01,2022-12-01,2021-03-18,NA,TRUE,FALSE
"SLO1",2023-01-01,2023-01-01,2024-12-01,2023-01-22,NA,TRUE,FALSE
"SMH2",2019-01-01,2019-01-01,2019-11-01,NA,NA,FALSE,FALSE
"SMH2",2019-12-01,2019-12-01,2021-11-01,NA,NA,FALSE,FALSE
"SMH2",2021-12-01,2021-12-01,2023-11-01,2021-12-03,NA,TRUE,FALSE
"SMH2",2023-12-01,2023-12-01,2024-12-01,2023-12-15,NA,TRUE,FALSE
"SNA1",2019-01-01,2019-01-01,2024-12-01,NA,NA,FALSE,FALSE
"SNIZ1",2019-01-01,2019-01-01,2024-12-01,NA,NA,FALSE,FALSE
"SOA1",2019-01-01,2019-01-01,2020-08-01,NA,NA,FALSE,FALSE
"SOA1",2020-09-01,2020-09-01,2022-08-01,2020-09-21,NA,TRUE,FALSE
"SOA1",2022-09-01,2022-09-01,2024-08-01,2022-09-11,NA,TRUE,FALSE
"SOA1",2024-09-01,2024-09-01,2024-12-01,2024-09-15,NA,TRUE,FALSE
"SOAY1",2019-01-01,2019-01-01,2019-02-01,NA,NA,FALSE,FALSE
"SOAY1",2019-03-01,2019-03-01,2020-10-01,NA,NA,FALSE,FALSE
"SOAY1",2020-11-01,2020-11-01,2022-02-01,NA,NA,FALSE,FALSE
"SOAY1",2022-03-01,2022-03-01,2023-09-01,2022-03-21,NA,TRUE,FALSE
"SOAY1",2023-10-01,2023-10-01,2024-12-01,2023-10-05,NA,TRUE,FALSE
"SPO1",2019-01-01,2019-01-01,2024-12-01,NA,NA,FALSE,FALSE
"SRO1",2019-01-01,2019-01-01,2021-06-01,2019-01-23,NA,TRUE,FALSE
"SRO1",2021-07-01,2021-07-01,2023-01-01,2021-07-25,NA,TRUE,FALSE
"SRO1",2023-02-01,2023-02-01,2024-07-01,2023-02-14,NA,TRUE,FALSE
"SRO1",2024-08-01,2024-08-01,2024-12-01,2024-08-12,NA,TRUE,FALSE
"STI1",2019-01-01,2019-01-01,2019-07-01,NA,NA,FALSE,FALSE
"STI1",2019-08-01,2019-08-01,2021-09-01,NA,NA,FALSE,FALSE
"STI1",2021-10-01,2021-10-01,2023-09-01,2021-10-07,NA,TRUE,FALSE
"STI1",2023-10-01,2023-10-01,2024-12-01,2023-10-12,NA,TRUE,FALSE
"STOU1",2019-01-01,2019-01-01,2019-12-01,NA,NA,FALSE,FALSE
"STOU1",2020-01-01,2020-01-01,2021-09-01,NA,NA,FALSE,FALSE
"STOU1",2021-10-01,2021-10-01,2023-10-01,2021-10-14,NA,TRUE,FALSE
"STOU1",2023-11-01,2023-11-01,2024-12-01,2023-11-04,NA,TRUE,FALSE
"STRO1",2019-01-01,2019-01-01,2024-12-01,NA,NA,FALSE,FALSE
"STRO2",2019-01-01,2019-01-01,2024-12-01,NA,NA,FALSE,FALSE
"SVG1",2019-01-01,2019-01-01,2020-09-01,NA,NA,FALSE,FALSE
"SVG1",2020-10-01,2020-10-01,2022-09-01,NA,NA,FALSE,FALSE
"SVG1",2022-10-01,2022-10-01,2023-09-01,2022-10-01,NA,TRUE,FALSE
"SVG1",2023-10-01,2023-10-01,2024-11-01,2023-10-12,NA,TRUE,FALSE
"SVG1",2024-12-01,2024-12-01,2024-12-01,2024-12-06,NA,TRUE,FALSE
"SWI2",2019-01-01,2019-01-01,2019-02-01,NA,NA,FALSE,FALSE
"SWI2",2019-03-01,2019-03-01,2020-12-01,NA,NA,FALSE,FALSE
"SWI2",2021-01-01,2021-01-01,2023-01-01,2021-01-08,NA,TRUE,FALSE
"SWI2",2023-02-01,2023-02-01,2024-12-01,2023-02-06,NA,TRUE,FALSE
"TAB1",2019-01-01,2019-01-01,2021-04-01,NA,NA,FALSE,FALSE
"TAB1",2021-05-01,2021-05-01,2022-08-01,NA,NA,FALSE,FALSE
"TAB1",2022-09-01,2022-09-01,2024-09-01,2022-09-16,NA,TRUE,FALSE
"TAB1",2024-10-01,2024-10-01,2024-12-01,2024-10-13,NA,TRUE,FALSE
"TAI1",2019-01-01,2019-01-01,2024-12-01,NA,NA,FALSE,FALSE
"TARA1",2019-01-01,2019-01-01,2019-01-01,NA,NA,FALSE,FALSE
"TARA1",2019-02-01,2019-02-01,2021-02-01,NA,NA,FALSE,FALSE
"TARA1",2021-03-01,2021-03-01,2022-11-01,NA,NA,FALSE,FALSE
"TARA1",2022-12-01,2022-12-01,2024-12-01,2022-12-05,NA,TRUE,FALSE
"TARI1",2019-01-01,2019-01-01,2024-12-01,NA,NA,FALSE,FALSE
"TEI1",2019-01-01,2019-01-01,2020-01-01,NA,NA,FALSE,FALSE
"TEI1",2020-02-01,2020-02-01,2021-12-01,2020-02-24,NA,TRUE,FALSE
"TEI1",2022-01-01,2022-01-01,2024-12-01,2022-01-19,NA,TRUE,FALSE
"TOL1",2019-01-01,2019-01-01,2024-12-01,NA,NA,FALSE,FALSE
"TOYN1",2019-01-01,2019-01-01,2020-08-01,NA,NA,FALSE,FALSE
"TOYN1",2020-09-01,2020-09-01,2022-08-01,NA,NA,FALSE,FALSE
"TOYN1",2022-09-01,2022-09-01,2024-10-01,2022-09-01,NA,TRUE,FALSE
"TOYN1",2024-11-01,2024-11-01,2024-12-01,2024-11-14,NA,TRUE,FALSE
"TRM1",2019-01-01,2019-01-01,2019-09-01,NA,NA,FALSE,FALSE
"TRM1",2019-10-01,2019-10-01,2022-03-01,NA,NA,FALSE,FALSE
"TRM1",2022-04-01,2022-04-01,2023-08-01,2022-04-09,NA,TRUE,FALSE
"TRM1",2023-09-01,2023-09-01,2024-12-01,2023-09-29,NA,TRUE,FALSE
"TUR1",2019-01-01,2019-01-01,2019-06-01,NA,NA,FALSE,FALSE
"TUR1",2019-07-01,2019-07-01,2021-05-01,NA,NA,FALSE,FALSE
"TUR1",2021-06-01,2021-06-01,2022-01-01,NA,NA,FALSE,FALSE
"TUR1",2022-02-01,2022-02-01,2023-01-01,2022-02-22,NA,TRUE,FALSE
"TUR1",2023-02-01,2023-02-01,2024-01-01,2023-02-09,NA,TRUE,FALSE
"TUR1",2024-02-01,2024-02-01,2024-12-01,2024-02-09,NA,TRUE,FALSE
"UIG1",2019-01-01,2019-01-01,2019-04-01,NA,NA,FALSE,FALSE
"UIG1",2019-05-01,2019-05-01,2022-06-01,NA,NA,FALSE,FALSE
"UIS2",2019-01-01,2019-01-01,2021-03-01,NA,NA,FALSE,FALSE
"UIS2",2021-04-01,2021-04-01,2024-12-01,NA,NA,FALSE,FALSE
"USH1",2019-01-01,2019-01-01,2024-12-01,NA,NA,FALSE,FALSE
"UYIS1",2019-01-01,2019-01-01,2019-07-01,NA,NA,FALSE,FALSE
"UYIS1",2019-08-01,2019-08-01,2020-07-01,NA,NA,FALSE,FALSE
"UYIS1",2020-08-01,2020-08-01,2021-07-01,NA,NA,FALSE,FALSE
"UYIS1",2021-08-01,2021-08-01,2023-09-01,2021-08-02,NA,TRUE,FALSE
"UYIS1",2023-10-01,2023-10-01,2024-12-01,2023-09-06,NA,FALSE,FALSE
"VAC1",2019-01-01,2019-01-01,2024-12-01,NA,NA,FALSE,FALSE
"VACR1",2019-01-01,2019-01-01,2019-09-01,NA,NA,FALSE,FALSE
"VACR1",2019-10-01,2019-10-01,2021-08-01,NA,NA,FALSE,FALSE
"VACR1",2021-09-01,2021-09-01,2024-12-01,2021-09-07,NA,TRUE,FALSE
"VAT1",2019-01-01,2019-01-01,2019-12-01,NA,NA,FALSE,FALSE
"VAT1",2020-01-01,2020-01-01,2020-12-01,NA,NA,FALSE,FALSE
"VAT1",2021-01-01,2021-01-01,2021-12-01,2021-01-10,NA,TRUE,FALSE
"VAT1",2022-01-01,2022-01-01,2022-12-01,NA,NA,FALSE,FALSE
"VAT1",2023-01-01,2023-01-01,2024-01-01,2023-01-04,NA,TRUE,FALSE
"VAT1",2024-02-01,2024-02-01,2024-12-01,2024-02-19,NA,TRUE,FALSE
"VEA1",2019-01-01,2019-01-01,2019-02-01,NA,NA,FALSE,FALSE
"VEA1",2019-03-01,2019-03-01,2021-03-01,2019-03-13,NA,TRUE,FALSE
"VEA1",2021-04-01,2021-04-01,2023-04-01,2021-04-12,NA,TRUE,FALSE
"VEA1",2023-05-01,2023-05-01,2024-12-01,2023-05-06,NA,TRUE,FALSE
"VEE1",2019-01-01,2019-01-01,2019-06-01,NA,NA,FALSE,FALSE
"VEE1",2019-07-01,2019-07-01,2021-06-01,NA,NA,FALSE,FALSE
"VEE1",2021-07-01,2021-07-01,2023-09-01,2021-07-12,NA,TRUE,FALSE
"VEE1",2023-10-01,2023-10-01,2024-12-01,NA,NA,FALSE,FALSE
"VESN1",2019-01-01,2019-01-01,2020-02-01,NA,NA,FALSE,FALSE
"VESN1",2020-03-01,2020-03-01,2022-03-01,NA,NA,FALSE,FALSE
"VESN1",2022-04-01,2022-04-01,2023-06-01,2022-04-04,NA,TRUE,FALSE
"VESN1",2023-07-01,2023-07-01,2024-12-01,2023-07-18,NA,TRUE,FALSE
"VIB1",2019-01-01,2019-01-01,2024-12-01,NA,NA,FALSE,FALSE
"VIDJ1",2019-01-01,2019-01-01,2024-12-01,NA,NA,FALSE,FALSE
"VIDJ3",2019-01-01,2019-01-01,2024-12-01,NA,NA,FALSE,FALSE
"VIDM3",2019-01-01,2019-01-01,2024-12-01,NA,NA,FALSE,FALSE
"VUM1",2019-01-01,2019-01-01,2020-11-01,NA,NA,FALSE,FALSE
"VUM1",2020-12-01,2020-12-01,2022-11-01,NA,NA,FALSE,FALSE
"VUM1",2022-12-01,2022-12-01,2024-12-01,2022-12-29,NA,TRUE,FALSE
"VUMN1",2020-08-01,2020-08-01,2024-12-01,NA,NA,FALSE,FALSE
"WAD1",2019-01-01,2019-01-01,2024-12-01,NA,NA,FALSE,FALSE
"WAIT1",2019-01-01,2019-01-01,2024-12-01,NA,NA,FALSE,FALSE
"WBRA1",2019-01-01,2019-01-01,2024-12-01,NA,NA,FALSE,FALSE
"WEI2",2019-01-01,2019-01-01,2024-12-01,NA,NA,FALSE,FALSE
"WEI3",2019-01-01,2019-01-01,2024-12-01,NA,NA,FALSE,FALSE
"WEIA1",2019-01-01,2019-01-01,2024-12-01,NA,NA,FALSE,FALSE
"WEIB1",2019-01-01,2019-01-01,2024-12-01,NA,NA,FALSE,FALSE
"WESS1",2019-01-01,2019-01-01,2024-12-01,NA,NA,FALSE,FALSE
"WFAR",2019-01-01,2019-01-01,2019-09-01,NA,NA,FALSE,FALSE
"WFAR",2019-10-01,2019-10-01,2020-09-01,NA,NA,FALSE,FALSE
"WFAR",2020-10-01,2020-10-01,2021-09-01,NA,NA,FALSE,FALSE
"WFAR",2021-10-01,2021-10-01,2022-09-01,2021-10-09,NA,TRUE,FALSE
"WFAR",2022-10-01,2022-10-01,2023-09-01,2022-10-11,NA,TRUE,FALSE
"WFAR",2023-10-01,2023-10-01,2024-12-01,2023-10-07,NA,TRUE,FALSE
"WGH1",2019-01-01,2019-01-01,2024-12-01,NA,NA,FALSE,FALSE
"WGR1",2020-05-01,2020-05-01,2024-12-01,NA,NA,FALSE,FALSE
"WHA2",2019-01-01,2019-01-01,2019-08-01,NA,NA,FALSE,FALSE
"WHA2",2019-09-01,2019-09-01,2021-06-01,NA,NA,FALSE,FALSE
"WHA2",2021-07-01,2021-07-01,2024-05-01,2021-06-27,NA,FALSE,FALSE
"WHA2",2024-06-01,2024-06-01,2024-12-01,2024-06-24,NA,TRUE,FALSE
"WIDF1",2019-01-01,2019-01-01,2019-11-01,NA,NA,FALSE,FALSE
"WIDF1",2019-12-01,2019-12-01,2020-10-01,NA,NA,FALSE,FALSE
"WIDF1",2020-11-01,2020-11-01,2022-02-01,NA,NA,FALSE,FALSE
"WIDF1",2022-03-01,2022-03-01,2022-10-01,2022-03-01,NA,TRUE,FALSE
"WIDF1",2022-11-01,2022-11-01,2024-01-01,2022-11-07,NA,TRUE,FALSE
"WIDF1",2024-02-01,2024-02-01,2024-12-01,2024-02-17,NA,TRUE,FALSE
"WOB1",2019-01-01,2019-01-01,2019-01-01,NA,NA,FALSE,FALSE
"WOB1",2019-02-01,2019-02-01,2020-12-01,NA,NA,FALSE,FALSE
"WOB1",2021-01-01,2021-01-01,2023-03-01,2021-01-27,NA,TRUE,FALSE
"WOB1",2023-04-01,2023-04-01,2024-12-01,2023-04-06,NA,TRUE,FALSE
"WOG1",2019-01-01,2019-01-01,2023-04-01,NA,NA,FALSE,FALSE
"WOG1",2023-05-01,2023-05-01,2024-12-01,2023-05-21,2023-05-29,TRUE,FALSE
"WPL1",2019-01-01,2019-01-01,2024-12-01,NA,NA,FALSE,FALSE
"WSB1",2019-01-01,2019-01-01,2020-05-01,NA,NA,FALSE,FALSE
"WSB1",2020-06-01,2020-06-01,2022-06-01,NA,NA,FALSE,FALSE
"WSB1",2022-07-01,2022-07-01,2024-10-01,2022-07-23,NA,TRUE,FALSE
"WSB1",2024-11-01,2024-11-01,2024-12-01,2024-11-27,NA,TRUE,FALSE
"WSTR1",2019-01-01,2019-01-01,2020-05-01,NA,NA,FALSE,FALSE
"WSTR1",2020-06-01,2020-06-01,2020-12-01,NA,NA,FALSE,FALSE
"WSTR1",2021-01-01,2021-01-01,2022-08-01,2021-01-11,NA,TRUE,FALSE
"WSTR1",2022-09-01,2022-09-01,2024-07-01,2022-09-24,NA,TRUE,FALSE
"WSTR1",2024-08-01,2024-08-01,2024-12-01,2024-08-30,NA,TRUE,FALSE
